{"cameraMode":{"drawMode":0,"name":"Shaded","section":"Shading Mode"},"sceneLighting":true,"audioPlay":false,"sceneViewState":{"showFog":true,"showMaterialUpdate":false,"showSkybox":true,"showFlares":true,"showImageEffects":true,"showParticleSystems":true,"showVisualEffectGraphs":true,"m_FxEnabled":true},"in2DMode":false,"pivot":{"x":0.7263748645782471,"y":2.045546293258667,"z":11.263335227966309},"rotation":{"x":-0.009089729748666287,"y":0.21929730474948884,"z":-0.002017704304307699,"w":-0.9756470918655396},"size":0.11760997772216797,"orthographic":false}