{"cameraMode":{"drawMode":0,"name":"Shaded","section":"Shading Mode"},"sceneLighting":true,"audioPlay":false,"sceneViewState":{"showFog":true,"showMaterialUpdate":false,"showSkybox":true,"showFlares":true,"showImageEffects":true,"showParticleSystems":true,"showVisualEffectGraphs":true,"m_FxEnabled":true},"in2DMode":false,"pivot":{"x":-1.1125752925872803,"y":6.875226974487305,"z":4.133186340332031},"rotation":{"x":0.33706536889076235,"y":0.01772761344909668,"z":-0.006702184211462736,"w":0.9414562582969666},"size":3.931262493133545,"orthographic":false}