{"cameraMode":{"drawMode":0,"name":"Shaded","section":"Shading Mode"},"sceneLighting":true,"audioPlay":false,"sceneViewState":{"showFog":true,"showMaterialUpdate":false,"showSkybox":true,"showFlares":true,"showImageEffects":true,"showParticleSystems":true,"showVisualEffectGraphs":true,"m_FxEnabled":true},"in2DMode":false,"pivot":{"x":-0.37573307752609255,"y":1.7755813598632813,"z":25.648338317871095},"rotation":{"x":0.04230334982275963,"y":-0.00418531009927392,"z":0.00015391426859423518,"w":0.9991797804832459},"size":4.661047458648682,"orthographic":false}