{"cameraMode":{"drawMode":0,"name":"Shaded","section":"Shading Mode"},"sceneLighting":true,"audioPlay":false,"sceneViewState":{"showFog":true,"showMaterialUpdate":false,"showSkybox":true,"showFlares":true,"showImageEffects":true,"showParticleSystems":true,"showVisualEffectGraphs":true,"m_FxEnabled":true},"in2DMode":false,"pivot":{"x":-3.7087395191192629,"y":-0.8672739267349243,"z":0.043325960636138919},"rotation":{"x":-0.07638666033744812,"y":0.7658863663673401,"z":-0.09257962554693222,"w":-0.6317243576049805},"size":2.6155638694763185,"orthographic":false}