{"cameraMode":{"drawMode":0,"name":"Shaded","section":"Shading Mode"},"sceneLighting":false,"audioPlay":false,"sceneViewState":{"showFog":true,"showMaterialUpdate":false,"showSkybox":false,"showFlares":true,"showImageEffects":true,"showParticleSystems":true,"showVisualEffectGraphs":true,"m_FxEnabled":true},"in2DMode":false,"pivot":{"x":-3.748573362827301e-8,"y":0.00038786139339208603,"z":-4.0279701352119449e-8},"rotation":{"x":-0.1642160564661026,"y":0.42690038681030276,"z":-0.07915287464857102,"w":-0.8858032822608948},"size":0.014206290245056153,"orthographic":false}