{"cameraMode":{"drawMode":0,"name":"Shaded","section":"Shading Mode"},"sceneLighting":true,"audioPlay":false,"sceneViewState":{"showFog":true,"showMaterialUpdate":false,"showSkybox":false,"showFlares":true,"showImageEffects":true,"showParticleSystems":true,"showVisualEffectGraphs":true,"m_FxEnabled":true},"in2DMode":false,"pivot":{"x":0.2814127206802368,"y":-0.12543490529060365,"z":1.3387494087219239},"rotation":{"x":-0.13369719684123994,"y":-0.4082293212413788,"z":0.06058292090892792,"w":-0.9010326862335205},"size":0.24652796983718873,"orthographic":false}