{"cameraMode":{"drawMode":0,"name":"Shaded","section":"Shading Mode"},"sceneLighting":false,"audioPlay":false,"sceneViewState":{"showFog":true,"showMaterialUpdate":false,"showSkybox":false,"showFlares":true,"showImageEffects":true,"showParticleSystems":true,"showVisualEffectGraphs":true,"m_FxEnabled":true},"in2DMode":false,"pivot":{"x":-10.031268119812012,"y":2.115208864212036,"z":-3.9942588806152345},"rotation":{"x":0.28958362340927126,"y":0.08254198729991913,"z":-0.025104638189077379,"w":0.9533602595329285},"size":3.636319875717163,"orthographic":false}