{"cameraMode":{"drawMode":0,"name":"Shaded","section":"Shading Mode"},"sceneLighting":true,"audioPlay":false,"sceneViewState":{"showFog":true,"showMaterialUpdate":false,"showSkybox":false,"showFlares":true,"showImageEffects":true,"showParticleSystems":true,"showVisualEffectGraphs":true,"m_FxEnabled":true},"in2DMode":false,"pivot":{"x":0.3571467697620392,"y":0.071373850107193,"z":0.35476934909820559},"rotation":{"x":0.13553419709205628,"y":-0.6971932053565979,"z":0.13684216141700746,"w":0.6905441880226135},"size":0.267090380191803,"orthographic":false}