{"cameraMode":{"drawMode":0,"name":"Shaded","section":"Shading Mode"},"sceneLighting":true,"audioPlay":false,"sceneViewState":{"showFog":true,"showMaterialUpdate":false,"showSkybox":false,"showFlares":true,"showImageEffects":true,"showParticleSystems":true,"showVisualEffectGraphs":true,"m_FxEnabled":true},"in2DMode":false,"pivot":{"x":1.0346142053604127,"y":-0.39716866612434389,"z":0.10235676169395447},"rotation":{"x":0.09220396727323532,"y":0.748266875743866,"z":-0.1064712256193161,"w":0.6483576893806458},"size":0.8670904040336609,"orthographic":false}