{"cameraMode":{"drawMode":0,"name":"Shaded","section":"Shading Mode"},"sceneLighting":false,"audioPlay":false,"sceneViewState":{"showFog":true,"showMaterialUpdate":false,"showSkybox":false,"showFlares":true,"showImageEffects":true,"showParticleSystems":true,"showVisualEffectGraphs":true,"m_FxEnabled":true},"in2DMode":false,"pivot":{"x":-0.06999999284744263,"y":0.5249999761581421,"z":11.267999649047852},"rotation":{"x":0.1342908889055252,"y":0.6584554314613342,"z":-0.12108313292264939,"w":0.7306279540061951},"size":1.5018738508224488,"orthographic":false}