{"cameraMode":{"drawMode":0,"name":"Shaded","section":"Shading Mode"},"sceneLighting":false,"audioPlay":false,"sceneViewState":{"showFog":true,"showMaterialUpdate":false,"showSkybox":false,"showFlares":true,"showImageEffects":true,"showParticleSystems":true,"showVisualEffectGraphs":true,"m_FxEnabled":true},"in2DMode":false,"pivot":{"x":0.056540489196777347,"y":1.4447218179702759,"z":11.040809631347657},"rotation":{"x":-0.015134801156818867,"y":0.6826118230819702,"z":0.014104642905294896,"w":0.7305395603179932},"size":2.701873540878296,"orthographic":false}