{"cameraMode":{"drawMode":0,"name":"Shaded","section":"Shading Mode"},"sceneLighting":false,"audioPlay":false,"sceneViewState":{"showFog":true,"showMaterialUpdate":false,"showSkybox":false,"showFlares":true,"showImageEffects":true,"showParticleSystems":true,"showVisualEffectGraphs":true,"m_FxEnabled":true},"in2DMode":false,"pivot":{"x":0.036884360015392306,"y":-0.3761410415172577,"z":0.4167923927307129},"rotation":{"x":-0.32237040996551516,"y":-0.05619824305176735,"z":0.019161421805620195,"w":-0.9448232650756836},"size":0.43071478605270388,"orthographic":false}