{"cameraMode":{"drawMode":0,"name":"Shaded","section":"Shading Mode"},"sceneLighting":false,"audioPlay":false,"sceneViewState":{"showFog":true,"showMaterialUpdate":false,"showSkybox":false,"showFlares":true,"showImageEffects":true,"showParticleSystems":true,"showVisualEffectGraphs":true,"m_FxEnabled":true},"in2DMode":false,"pivot":{"x":-0.04615921154618263,"y":0.0028531220741569998,"z":0.003360934089869261},"rotation":{"x":-0.16955241560935975,"y":0.7005623579025269,"z":-0.17724572122097016,"w":-0.6701282858848572},"size":0.1473730206489563,"orthographic":false}