{"cameraMode":{"drawMode":0,"name":"Shaded","section":"Shading Mode"},"sceneLighting":false,"audioPlay":false,"sceneViewState":{"showFog":true,"showMaterialUpdate":false,"showSkybox":false,"showFlares":true,"showImageEffects":true,"showParticleSystems":true,"showVisualEffectGraphs":true,"m_FxEnabled":true},"in2DMode":false,"pivot":{"x":4.597983360290527,"y":-0.03986603021621704,"z":-0.5882630348205566},"rotation":{"x":-0.014741997234523297,"y":-0.7627818584442139,"z":0.017403628677129747,"w":-0.6462650299072266},"size":3.9047539234161379,"orthographic":false}