{"cameraMode":{"drawMode":0,"name":"Shaded","section":"Shading Mode"},"sceneLighting":false,"audioPlay":false,"sceneViewState":{"showFog":true,"showMaterialUpdate":false,"showSkybox":false,"showFlares":true,"showImageEffects":true,"showParticleSystems":true,"showVisualEffectGraphs":true,"m_FxEnabled":true},"in2DMode":false,"pivot":{"x":0.1751570701599121,"y":0.38850149512290957,"z":0.07472430169582367},"rotation":{"x":-0.46296682953834536,"y":0.03773478791117668,"z":-0.019735747948288919,"w":-0.8853610157966614},"size":0.14753812551498414,"orthographic":false}