{"cameraMode":{"drawMode":0,"name":"Shaded","section":"Shading Mode"},"sceneLighting":false,"audioPlay":false,"sceneViewState":{"showFog":true,"showMaterialUpdate":false,"showSkybox":false,"showFlares":true,"showImageEffects":true,"showParticleSystems":true,"showVisualEffectGraphs":true,"m_FxEnabled":true},"in2DMode":false,"pivot":{"x":-0.3566396236419678,"y":0.727030873298645,"z":-0.0207822322845459},"rotation":{"x":-0.0054135071113705639,"y":0.9944111108779907,"z":-0.0645376443862915,"w":-0.08342699706554413},"size":1.8635001182556153,"orthographic":false}