{"cameraMode":{"drawMode":0,"name":"Shaded","section":"Shading Mode"},"sceneLighting":false,"audioPlay":false,"sceneViewState":{"showFog":true,"showMaterialUpdate":false,"showSkybox":false,"showFlares":true,"showImageEffects":true,"showParticleSystems":true,"showVisualEffectGraphs":true,"m_FxEnabled":true},"in2DMode":false,"pivot":{"x":0.16779616475105287,"y":0.33412882685661318,"z":0.14738985896110536},"rotation":{"x":-0.2543403208255768,"y":0.7306599020957947,"z":-0.35320764780044558,"w":-0.5260499119758606},"size":0.081667959690094,"orthographic":false}