{"cameraMode":{"drawMode":0,"name":"Shaded","section":"Shading Mode"},"sceneLighting":false,"audioPlay":false,"sceneViewState":{"showFog":true,"showMaterialUpdate":false,"showSkybox":false,"showFlares":true,"showImageEffects":true,"showParticleSystems":true,"showVisualEffectGraphs":true,"m_FxEnabled":true},"in2DMode":false,"pivot":{"x":0.20017851889133454,"y":0.22423316538333894,"z":0.026738284155726434},"rotation":{"x":-0.6158832907676697,"y":0.3191867768764496,"z":-0.3002598285675049,"w":-0.654776930809021},"size":0.14753811061382295,"orthographic":false}