{"cameraMode":{"drawMode":0,"name":"Shaded","section":"Shading Mode"},"sceneLighting":false,"audioPlay":false,"sceneViewState":{"showFog":true,"showMaterialUpdate":false,"showSkybox":false,"showFlares":true,"showImageEffects":true,"showParticleSystems":true,"showVisualEffectGraphs":true,"m_FxEnabled":true},"in2DMode":false,"pivot":{"x":-0.01760864444077015,"y":0.0405706912279129,"z":0.03153226524591446},"rotation":{"x":0.5265840291976929,"y":0.018347127363085748,"z":0.011370953172445298,"w":-0.849905252456665},"size":0.14753811061382295,"orthographic":false}