{"cameraMode":{"drawMode":0,"name":"Shaded","section":"Shading Mode"},"sceneLighting":false,"audioPlay":false,"sceneViewState":{"showFog":true,"showMaterialUpdate":false,"showSkybox":false,"showFlares":true,"showImageEffects":true,"showParticleSystems":true,"showVisualEffectGraphs":true,"m_FxEnabled":true},"in2DMode":false,"pivot":{"x":0.49172675609588625,"y":-1.2910655736923218,"z":1.8487781286239625},"rotation":{"x":-0.3356717526912689,"y":-0.1702013611793518,"z":0.061884667724370959,"w":-0.9244696497917175},"size":1.4115049839019776,"orthographic":false}