{"cameraMode":{"drawMode":0,"name":"Shaded","section":"Shading Mode"},"sceneLighting":false,"audioPlay":false,"sceneViewState":{"showFog":true,"showMaterialUpdate":false,"showSkybox":false,"showFlares":true,"showImageEffects":true,"showParticleSystems":true,"showVisualEffectGraphs":true,"m_FxEnabled":true},"in2DMode":false,"pivot":{"x":-0.12224087864160538,"y":-0.3121259808540344,"z":0.5475329756736755},"rotation":{"x":-0.20915891230106355,"y":0.18844793736934663,"z":-0.04111470282077789,"w":-0.9586718082427979},"size":0.7025076746940613,"orthographic":false}