{"cameraMode":{"drawMode":0,"name":"Shaded","section":"Shading Mode"},"sceneLighting":false,"audioPlay":false,"sceneViewState":{"showFog":true,"showMaterialUpdate":false,"showSkybox":false,"showFlares":true,"showImageEffects":true,"showParticleSystems":true,"showVisualEffectGraphs":true,"m_FxEnabled":true},"in2DMode":false,"pivot":{"x":-0.006827978882938623,"y":-0.21611599624156953,"z":-0.06716866046190262},"rotation":{"x":-0.17514371871948243,"y":0.7300831079483032,"z":-0.20347951352596284,"w":-0.6284159421920776},"size":0.7025076746940613,"orthographic":false}