{"cameraMode":{"drawMode":0,"name":"Shaded","section":"Shading Mode"},"sceneLighting":true,"audioPlay":false,"sceneViewState":{"showFog":true,"showMaterialUpdate":false,"showSkybox":true,"showFlares":true,"showImageEffects":true,"showParticleSystems":true,"showVisualEffectGraphs":true,"m_FxEnabled":true},"in2DMode":false,"pivot":{"x":477.2674560546875,"y":146.47633361816407,"z":18.66387939453125},"rotation":{"x":-0.015324628911912442,"y":0.02313651703298092,"z":-0.000009448300261283293,"w":-1.000146508216858},"size":768.2874145507813,"orthographic":false}