{"cameraMode":{"drawMode":0,"name":"Shaded","section":"Shading Mode"},"sceneLighting":true,"audioPlay":false,"sceneViewState":{"showFog":true,"showMaterialUpdate":false,"showSkybox":true,"showFlares":true,"showImageEffects":true,"showParticleSystems":true,"showVisualEffectGraphs":true,"m_FxEnabled":true},"in2DMode":false,"pivot":{"x":1.2413274049758912,"y":-230.12327575683595,"z":-119.84011840820313},"rotation":{"x":-0.0020259893499314787,"y":-0.8536704778671265,"z":0.5208199620246887,"w":-0.003325226018205285},"size":160.6675567626953,"orthographic":false}