{"cameraMode":{"drawMode":0,"name":"Shaded","section":"Shading Mode"},"sceneLighting":false,"audioPlay":false,"sceneViewState":{"showFog":true,"showMaterialUpdate":false,"showSkybox":false,"showFlares":true,"showImageEffects":true,"showParticleSystems":true,"showVisualEffectGraphs":true,"m_FxEnabled":true},"in2DMode":false,"pivot":{"x":0.48217785358428957,"y":0.5745866298675537,"z":0.16501761972904206},"rotation":{"x":-0.07996346056461334,"y":0.6693379878997803,"z":-0.07274812459945679,"w":-0.7351095080375671},"size":0.9247450232505798,"orthographic":false}