{"cameraMode":{"drawMode":0,"name":"Shaded","section":"Shading Mode"},"sceneLighting":false,"audioPlay":false,"sceneViewState":{"showFog":true,"showMaterialUpdate":false,"showSkybox":false,"showFlares":true,"showImageEffects":true,"showParticleSystems":true,"showVisualEffectGraphs":true,"m_FxEnabled":true},"in2DMode":false,"pivot":{"x":0.03126811981201172,"y":2.493213415145874,"z":0.0057451725006103519},"rotation":{"x":0.3443189859390259,"y":0.043646421283483508,"z":-0.015991302207112314,"w":0.9377333521842957},"size":3.881227970123291,"orthographic":false}