{"cameraMode":{"drawMode":0,"name":"Shaded","section":"Shading Mode"},"sceneLighting":true,"audioPlay":false,"sceneViewState":{"showFog":true,"showMaterialUpdate":false,"showSkybox":false,"showFlares":true,"showImageEffects":true,"showParticleSystems":true,"showVisualEffectGraphs":true,"m_FxEnabled":true},"in2DMode":false,"pivot":{"x":0.10000000149011612,"y":-0.33546653389930727,"z":0.3372897505760193},"rotation":{"x":0.02151215448975563,"y":0.9784976840019226,"z":-0.146698996424675,"w":0.14368559420108796},"size":0.7719878554344177,"orthographic":false}