{"cameraMode":{"drawMode":0,"name":"Shaded","section":"Shading Mode"},"sceneLighting":true,"audioPlay":false,"sceneViewState":{"showFog":true,"showMaterialUpdate":false,"showSkybox":false,"showFlares":true,"showImageEffects":true,"showParticleSystems":true,"showVisualEffectGraphs":true,"m_FxEnabled":true},"in2DMode":false,"pivot":{"x":0.028239799663424493,"y":-0.11448274552822113,"z":0.17099086940288545},"rotation":{"x":0.2054205983877182,"y":0.6629258990287781,"z":-0.19659346342086793,"w":0.6926112771034241},"size":0.9949873685836792,"orthographic":false}