{"cameraMode":{"drawMode":0,"name":"Shaded","section":"Shading Mode"},"sceneLighting":false,"audioPlay":false,"sceneViewState":{"showFog":true,"showMaterialUpdate":false,"showSkybox":false,"showFlares":true,"showImageEffects":true,"showParticleSystems":true,"showVisualEffectGraphs":true,"m_FxEnabled":true},"in2DMode":false,"pivot":{"x":-0.019798994064331056,"y":0.415260910987854,"z":0.002392888069152832},"rotation":{"x":-0.08576161414384842,"y":0.009246996603906155,"z":0.0012087463401257992,"w":-0.9967265129089356},"size":2.267338752746582,"orthographic":false}