{"cameraMode":{"drawMode":0,"name":"Shaded","section":"Shading Mode"},"sceneLighting":false,"audioPlay":false,"sceneViewState":{"showFog":true,"showMaterialUpdate":false,"showSkybox":false,"showFlares":true,"showImageEffects":true,"showParticleSystems":true,"showVisualEffectGraphs":true,"m_FxEnabled":true},"in2DMode":false,"pivot":{"x":0.014530181884765625,"y":2.275852918624878,"z":0.0026144981384277345},"rotation":{"x":0.06137068197131157,"y":0.9390226006507874,"z":-0.2620203495025635,"w":0.2152162790298462},"size":6.16234016418457,"orthographic":false}