{"cameraMode":{"drawMode":0,"name":"Shaded","section":"Shading Mode"},"sceneLighting":true,"audioPlay":false,"sceneViewState":{"showFog":true,"showMaterialUpdate":false,"showSkybox":true,"showFlares":true,"showImageEffects":true,"showParticleSystems":true,"showVisualEffectGraphs":true,"m_FxEnabled":true},"in2DMode":false,"pivot":{"x":-0.7669410705566406,"y":1.0519096851348878,"z":27.845273971557618},"rotation":{"x":0.23859530687332154,"y":0.07726088166236878,"z":-0.021908067166805269,"w":0.9683172702789307},"size":2.0163559913635256,"orthographic":false}