{"cameraMode":{"drawMode":0,"name":"Shaded","section":"Shading Mode"},"sceneLighting":true,"audioPlay":false,"sceneViewState":{"showFog":true,"showMaterialUpdate":false,"showSkybox":true,"showFlares":true,"showImageEffects":true,"showParticleSystems":true,"showVisualEffectGraphs":true,"m_FxEnabled":true},"in2DMode":false,"pivot":{"x":3.3074798583984377,"y":4.611612319946289,"z":120.69355010986328},"rotation":{"x":-0.027459584176540376,"y":-0.20998775959014893,"z":-0.006395761854946613,"w":0.9778647422790527},"size":13.841416358947754,"orthographic":false}