{"cameraMode":{"drawMode":0,"name":"Shaded","section":"Shading Mode"},"sceneLighting":true,"audioPlay":false,"sceneViewState":{"showFog":true,"showMaterialUpdate":false,"showSkybox":true,"showFlares":true,"showImageEffects":true,"showParticleSystems":true,"showVisualEffectGraphs":true,"m_FxEnabled":true},"in2DMode":false,"pivot":{"x":-1.5371294021606446,"y":3.8476061820983888,"z":13.01273250579834},"rotation":{"x":-0.007476034574210644,"y":-0.9882944822311401,"z":-0.05162971839308739,"w":0.14360490441322328},"size":6.990069389343262,"orthographic":false}