{"cameraMode":{"drawMode":0,"name":"Shaded","section":"Shading Mode"},"sceneLighting":false,"audioPlay":false,"sceneViewState":{"showFog":true,"showMaterialUpdate":false,"showSkybox":true,"showFlares":true,"showImageEffects":true,"showParticleSystems":true,"showVisualEffectGraphs":true,"m_FxEnabled":true},"in2DMode":false,"pivot":{"x":0.22210073471069337,"y":1.1246576309204102,"z":14.569690704345704},"rotation":{"x":0.02202480658888817,"y":-0.5857109427452087,"z":0.01616329699754715,"w":0.810306191444397},"size":4.114038944244385,"orthographic":false}