{"cameraMode":{"drawMode":0,"name":"Shaded","section":"Shading Mode"},"sceneLighting":true,"audioPlay":false,"sceneViewState":{"showFog":true,"showMaterialUpdate":false,"showSkybox":true,"showFlares":true,"showImageEffects":true,"showParticleSystems":true,"showVisualEffectGraphs":true,"m_FxEnabled":true},"in2DMode":false,"pivot":{"x":0.6992859244346619,"y":4.699578762054443,"z":13.882201194763184},"rotation":{"x":-0.2232779711484909,"y":-0.034502387046813968,"z":0.007925991900265217,"w":-0.9741566777229309},"size":4.451522350311279,"orthographic":false}