{"cameraMode":{"drawMode":0,"name":"Shaded","section":"Shading Mode"},"sceneLighting":true,"audioPlay":false,"sceneViewState":{"showFog":true,"showMaterialUpdate":false,"showSkybox":true,"showFlares":true,"showImageEffects":true,"showParticleSystems":true,"showVisualEffectGraphs":true,"m_FxEnabled":true},"in2DMode":false,"pivot":{"x":122.45526885986328,"y":0.48491430282592776,"z":170.1293182373047},"rotation":{"x":-0.029389778152108194,"y":0.9108831286430359,"z":-0.06600476801395416,"w":-0.4064585864543915},"size":2.7067604064941408,"orthographic":false}