{"cameraMode":{"drawMode":0,"name":"Shaded","section":"Shading Mode"},"sceneLighting":true,"audioPlay":false,"sceneViewState":{"showFog":true,"showMaterialUpdate":false,"showSkybox":true,"showFlares":true,"showImageEffects":true,"showParticleSystems":true,"showVisualEffectGraphs":true,"m_FxEnabled":true},"in2DMode":false,"pivot":{"x":0.19490303099155427,"y":-1.7216553688049317,"z":-2.8492844104766847},"rotation":{"x":0.006687074899673462,"y":0.9740603566169739,"z":-0.2247864454984665,"w":0.02831650711596012},"size":2.334857940673828,"orthographic":false}