{"cameraMode":{"drawMode":0,"name":"Shaded","section":"Shading Mode"},"sceneLighting":true,"audioPlay":false,"sceneViewState":{"showFog":true,"showMaterialUpdate":false,"showSkybox":true,"showFlares":true,"showImageEffects":true,"showParticleSystems":true,"showVisualEffectGraphs":true,"m_FxEnabled":true},"in2DMode":false,"pivot":{"x":1.1927762031555176,"y":0.5362440347671509,"z":-3.212813377380371},"rotation":{"x":0.03557709977030754,"y":-0.19805358350276948,"z":0.00721536623314023,"w":0.9795316457748413},"size":0.4789010286331177,"orthographic":false}