{"cameraMode":{"drawMode":0,"name":"Shaded","section":"Shading Mode"},"sceneLighting":true,"audioPlay":false,"sceneViewState":{"showFog":true,"showMaterialUpdate":false,"showSkybox":true,"showFlares":true,"showImageEffects":true,"showParticleSystems":true,"showVisualEffectGraphs":true,"m_FxEnabled":true},"in2DMode":false,"pivot":{"x":14.72201156616211,"y":0.8783249855041504,"z":47.63180923461914},"rotation":{"x":0.019168052822351457,"y":0.2510785758495331,"z":-0.005005170591175556,"w":0.9678797721862793},"size":17.482040405273439,"orthographic":false}