{"cameraMode":{"drawMode":0,"name":"Shaded","section":"Shading Mode"},"sceneLighting":true,"audioPlay":false,"sceneViewState":{"showFog":true,"showMaterialUpdate":false,"showSkybox":true,"showFlares":true,"showImageEffects":true,"showParticleSystems":true,"showVisualEffectGraphs":true,"m_FxEnabled":true},"in2DMode":false,"pivot":{"x":17.954771041870118,"y":-8.53985595703125,"z":-39.8934211730957},"rotation":{"x":-0.0042130728252232079,"y":0.004285523202270269,"z":-0.0016338508576154709,"w":1.0010449886322022},"size":-2.6886370182037355,"orthographic":false}