{"cameraMode":{"drawMode":0,"name":"Shaded","section":"Shading Mode"},"sceneLighting":true,"audioPlay":false,"sceneViewState":{"showFog":true,"showMaterialUpdate":false,"showSkybox":true,"showFlares":true,"showImageEffects":true,"showParticleSystems":true,"showVisualEffectGraphs":true,"m_FxEnabled":true},"in2DMode":false,"pivot":{"x":-18.41498374938965,"y":0.9562928676605225,"z":55.169456481933597},"rotation":{"x":-0.0012428511399775744,"y":0.7321234345436096,"z":-0.0013157071080058814,"w":-0.681204080581665},"size":-4.020854473114014,"orthographic":false}