{"cameraMode":{"drawMode":0,"name":"Shaded","section":"Shading Mode"},"sceneLighting":true,"audioPlay":false,"sceneViewState":{"showFog":true,"showMaterialUpdate":false,"showSkybox":true,"showFlares":true,"showImageEffects":true,"showParticleSystems":true,"showVisualEffectGraphs":true,"m_FxEnabled":true},"in2DMode":false,"pivot":{"x":-0.1289244443178177,"y":0.4864823818206787,"z":-0.25458192825317385},"rotation":{"x":0.21047650277614594,"y":0.41512253880500796,"z":-0.09934522956609726,"w":0.879492461681366},"size":0.5527852773666382,"orthographic":false}