{"cameraMode":{"drawMode":0,"name":"Shaded","section":"Shading Mode"},"sceneLighting":true,"audioPlay":false,"sceneViewState":{"showFog":true,"showMaterialUpdate":false,"showSkybox":true,"showFlares":true,"showImageEffects":true,"showParticleSystems":true,"showVisualEffectGraphs":true,"m_FxEnabled":true},"in2DMode":false,"pivot":{"x":-0.4604834020137787,"y":0.505476713180542,"z":0.11482835561037064},"rotation":{"x":-0.14959467947483064,"y":-0.5620086789131165,"z":0.10417398065328598,"w":-0.8068442940711975},"size":0.09338772296905518,"orthographic":false}