{"cameraMode":{"drawMode":0,"name":"Shaded","section":"Shading Mode"},"sceneLighting":true,"audioPlay":false,"sceneViewState":{"showFog":true,"showMaterialUpdate":false,"showSkybox":true,"showFlares":true,"showImageEffects":true,"showParticleSystems":true,"showVisualEffectGraphs":true,"m_FxEnabled":true},"in2DMode":false,"pivot":{"x":-0.9635268449783325,"y":0.8136914968490601,"z":-0.7852857708930969},"rotation":{"x":0.1250624805688858,"y":0.40391823649406435,"z":-0.055848944932222369,"w":0.9044856429100037},"size":0.6472147703170776,"orthographic":false}