{"cameraMode":{"drawMode":0,"name":"Shaded","section":"Shading Mode"},"sceneLighting":false,"audioPlay":false,"sceneViewState":{"showFog":true,"showMaterialUpdate":false,"showSkybox":false,"showFlares":true,"showImageEffects":true,"showParticleSystems":true,"showVisualEffectGraphs":true,"m_FxEnabled":true},"in2DMode":false,"pivot":{"x":0.08586616814136505,"y":0.8953903913497925,"z":13.684736251831055},"rotation":{"x":-0.022811833769083024,"y":0.00241109705530107,"z":-0.00008106555469566956,"w":-0.9998033046722412},"size":0.6642464399337769,"orthographic":false}