{"cameraMode":{"drawMode":0,"name":"Shaded","section":"Shading Mode"},"sceneLighting":false,"audioPlay":false,"sceneViewState":{"showFog":true,"showMaterialUpdate":false,"showSkybox":false,"showFlares":true,"showImageEffects":true,"showParticleSystems":true,"showVisualEffectGraphs":true,"m_FxEnabled":true},"in2DMode":false,"pivot":{"x":0.7412223815917969,"y":1.7506471872329713,"z":13.266353607177735},"rotation":{"x":0.029938001185655595,"y":-0.4388064742088318,"z":0.014601875096559525,"w":0.8980475664138794},"size":1.7357535362243653,"orthographic":false}