{"cameraMode":{"drawMode":0,"name":"Shaded","section":"Shading Mode"},"sceneLighting":false,"audioPlay":false,"sceneViewState":{"showFog":true,"showMaterialUpdate":false,"showSkybox":false,"showFlares":true,"showImageEffects":true,"showParticleSystems":true,"showVisualEffectGraphs":true,"m_FxEnabled":true},"in2DMode":false,"pivot":{"x":-0.04981091618537903,"y":2.3831050395965578,"z":9.977885246276856},"rotation":{"x":-0.01932838372886181,"y":0.9764211773872376,"z":-0.09876634925603867,"w":-0.1910264939069748},"size":0.15757566690444947,"orthographic":false}