{"cameraMode":{"drawMode":0,"name":"Shaded","section":"Shading Mode"},"sceneLighting":false,"audioPlay":false,"sceneViewState":{"showFog":true,"showMaterialUpdate":false,"showSkybox":false,"showFlares":true,"showImageEffects":true,"showParticleSystems":true,"showVisualEffectGraphs":true,"m_FxEnabled":true},"in2DMode":false,"pivot":{"x":-0.10929477214813233,"y":0.3065573573112488,"z":12.513574600219727},"rotation":{"x":-0.07059771567583084,"y":0.5849852561950684,"z":-0.051188793033361438,"w":-0.8063841462135315},"size":0.21650634706020356,"orthographic":false}