{"cameraMode":{"drawMode":0,"name":"Shaded","section":"Shading Mode"},"sceneLighting":false,"audioPlay":false,"sceneViewState":{"showFog":true,"showMaterialUpdate":false,"showSkybox":false,"showFlares":true,"showImageEffects":true,"showParticleSystems":true,"showVisualEffectGraphs":true,"m_FxEnabled":true},"in2DMode":false,"pivot":{"x":-0.22042512893676759,"y":0.34482526779174807,"z":12.416718482971192},"rotation":{"x":-0.01506804209202528,"y":0.9061965942382813,"z":0.03234534338116646,"w":0.42142730951309206},"size":0.6834937334060669,"orthographic":false}